,,,,,,,,,,,
IEMFileVersion,5,,,,,,,,,,
Date,8/30/2021,,,,,,,,,,
Workflow,GenerateFASTQ,,,,,,,,,,
Application,NovaSeqFASTQOnly,,,,,,,,,,
Instrument Type,NovaSeq,,,,,,,,,,
Assay,TruSeq DNA PCR-Free,,,,,,,,,,
Index Adapters,IDT-ILMN TruSeq DNA UD Indexes (24 Indexes),,,,,,,,,,
Chemistry,Amplicon,,,,,,,,,,
,,,,,,,,,,,
[Reads],,,,,,,,,,,
151,,,,,,,,,,,
151,,,,,,,,,,,
[Settings],,,,,,,,,,,
Adapter,AGATCGGAAGAGCACACGTCTGAACTCCAGTCA,,,,,,,,,,
AdapterRead2,AGATCGGAAGAGCGTCGTGTAGGGAAAGAGTGT,,,,,,,,,,
,,,,,,,,,,,
[Data],,,,,,,,,,,
Lane,Sample_ID,Sample_Name,Sample_Plate,Sample_Well,Index_Plate_Well,I7_Index_ID,index,I5_Index_ID,index2,Sample_Project,Description
3,776-32,776-32,SI-TT-D6,CCCAGCTTCT,P08232021,SI-TT-D6,GTTTGGTGTC,P08232021,,,
3,776-43,776-43,SI-TT-E6,TTGAGAGTCA,P08232021,SI-TT-E6,CTACCAGGTT,P08232021,,,
3,776-47_V5,776-47_V5,SI-TT-B7,GCCTTCGGTA,P08232021,SI-TT-B7,AAATCGTTGG,P08232021,,,
3,STARR051,STARR051,SI-TT-C7,CGCGCACTTA,P08232021,SI-TT-C7,AGAATACAGG,P08232021,,,
3,766-38_Fat,766-38_Fat,SI-TT-D7,CCTGTCAGGG,P08232021,SI-TT-D7,GTTACGGGCT,P08232021,,,
3,766-38_Muscle,766-38_Muscle,SI-TT-E7,GTCCTTCGGC,P08232021,SI-TT-E7,CTGTGCATGA,P08232021,,,
3,776-49_V5,776-49_V5,SI-TT-F7,AATGTATCCA,P08232021,SI-TT-F7,TAAGCTCATT,P08232021,,,
