[Header],,,,
IEMFileVersion,5,,,
Date,7/16/2021,,,
Workflow,GenerateFASTQ,,,
Application,NovaSeq FASTQ Only,,,
Instrument Type,NovaSeq,,,
Assay,Illumina DNA Prep,,,
Index Adapters,Nextera DNA CD Indexes (24 Indexes tubed),,,
Chemistry,Amplicon,,,
,,,,
[Reads],,,,
28,,,,
91,,,,
,,,,
[Settings],,,,
Adapter,CTGTCTCTTATACACATCT,,,
,,,,
[Data],,,,
Lane,Sample_ID,Sample_Name,index,Sample_Project
2,SI-GA-C9_1,Norton,GCGCAGAA,P070720211_MUSI
2,SI-GA-C9_2,Norton,ATCTTACC,P070720211_MUSI
2,SI-GA-C9_3,Norton,TATGGTGT,P070720211_MUSI
2,SI-GA-C9_4,Norton,CGAACCTG,P070720211_MUSI
2,SI-GA-C7_1,STARR_041,GTCTCTCG,P070720211_MUSI
2,SI-GA-C7_2,STARR_041,AATCTCTC,P070720211_MUSI
2,SI-GA-C7_3,STARR_041,CGGAGGGA,P070720211_MUSI
2,SI-GA-C7_4,STARR_041,TCAGAAAT,P070720211_MUSI
2,SI-GA-B7_1,STARR_024,AAACCTCA,P070720211_MUSI
2,SI-GA-B7_2,STARR_024,GCCTTGGT,P070720211_MUSI
2,SI-GA-B7_3,STARR_024,CTGGACTC,P070720211_MUSI
2,SI-GA-B7_4,STARR_024,TGTAGAAG,P070720211_MUSI
2,SI-GA-F7_1,STARR_049,CGTGCAGA,P070720211_MUSI
2,SI-GA-F7_2,STARR_049,AACAAGAT,P070720211_MUSI
2,SI-GA-F7_3,STARR_049,TCGCTTCG,P070720211_MUSI
2,SI-GA-F7_4,STARR_049,GTATGCTC,P070720211_MUSI
1,RPI1,Con-R1,ATCACGAT,P0624211_MUSI
1,RPI2,Amei-R1,CGATGTAT,P0624211_MUSI
1,RPI3,Con-R2,TTAGGCAT,P0624211_MUSI
1,RPI4,Amei-R2,TGACCAAT,P0624211_MUSI
