[Header],,,,,,,,,,
IEMFileVersion,5,,,,,,,,,
Date,7/16/2021,,,,,,,,,
Workflow,GenerateFASTQ,,,,,,,,,
Application,NovaSeq FASTQ Only,,,,,,,,,
Instrument Type,NovaSeq,,,,,,,,,
Assay,Illumina DNA Prep,,,,,,,,,
Index Adapters,Nextera DNA CD Indexes (24 Indexes tubed),,,,,,,,,
Chemistry,Amplicon,,,,,,,,,
,,,,,,,,,,
[Reads],,,,,,,,,,
151,,,,,,,,,,
151,,,,,,,,,,
,,,,,,,,,,
[Settings],,,,,,,,,,
Adapter,CTGTCTCTTATACACATCT,,,,,,,,,
,,,,,,,,,,
[Data],,,,,,,,,,
Lane,Sample_ID,Sample_Name,Sample_Plate,Sample_Well,I7_Index_ID,index,I5_Index_ID,index2,Sample_Project,Description
1,P0624211_Con-R1_MUTLI,Con-R1_MUTLI,,,RPI1,ATCACGAT,,,P0624211_MUTLI-Seq,
1,P0624211_Amei-R1_MUYLI,Amei-R1_MUTLI,,,RPI2,CGATGTAT,,,P0624211_MUTLI-Seq,
1,P0624211_Con-R2_MUTLI,Con-R2_MUTLI,,,RPI3,TTAGGCAT,,,P0624211_MUTLI-Seq,
1,P0624211_Amei-R2_MUTLI,Amei-R2_MUTLI,,,RPI4,TGACCAAT,,,P0624211_MUTLI-Seq,
